æ ‡é¢˜,å†…å®¹
Start here,"Start herePlayIn this ArticleCurious about what Notion is? We'll show you right here, and in the articles to come. Let's go! ğŸ“We like to describe Notion as a set of building blocks for creating things you love to use on your computer, such as:DocumentsDatabasesPublic websitesKnowledge basesProject management systemsThe world's most beautiful notes... ğŸ˜‰Notion is different from other software in a few ways. And once you master these basics, you can pretty much build whatever you want. Most importantly, don't worry about not knowing everything you can do right away. We'll discover it together. Click below to dive right in!"
What is a block?,"What is a block?In this ArticleThink of Notion as a bottomless bin of building blocks. Build whatever you want, however you want! Every page you create in Notion will be composed of many ""blocks,"" in the same way a LEGO castle is composed of many LEGO bricks ğŸ§±ContentsEverything in Notion is a ""block""Blocks can transformBlocks can be rearrangedEverything in Notion is a ""block""When you create your first page in Notion and begin typing, you've started with a text block. But Notion pages can contain a lot more than plain text!Imagine every piece of content you add to a page â€” whether it's text, an image, or a table â€” as a single building block. Every page is a stack of blocks combined however you want.Here's just one example page with different block types pointed out: Tip: Hit theÂ /Â key on your keyboard (or tap theÂ +Â button above your keyboard if you're on mobile) to see all the different types of content you can add. Blocks can transformAny block in Notion can be turned into any other type of block in order to use, view, or deepen that information in a new way.Try this out by clicking theÂ â‹®â‹®Â symbol and choosingÂ Turn intoÂ to convert your block to something else! Blocks can be rearrangedTheÂ â‹®â‹® button can be used to drag and drop existing blocks. This makes it simple to rearrange, reorder, and reshape your thoughts with one motion. "
Create a page,"Create a pagePlayIn this ArticleEvery page you create in Notion is a fresh canvas where you can add whatever content you want. Follow these steps to create your first one ğŸ“„ContentsCreate a pageStart writingTry a slash commandCreate a pageThere are a few ways to add a new page in Notion. Click ğŸ“ at the top of your left sidebar.If youâ€™re on the desktop app, use the shortcut cmd/ctrl + N.If youâ€™re on mobile, tap ğŸ“ at the bottom of your screen.New page Start writingOnce your new page opens, you can give your page a title and start jotting down your thoughts. Need some inspiration or structure? On desktop or web, select any of the options at the bottom of the page to get started. You can import from an app or file, use a template, create a table, and more â€” select an option you like, and your page will be formatted accordingly!As you write, highlight any text on your page to bring up a menu of options. You can change the color or style of your text, add a comment or hyperlink, and more. Learn more about writing and editing basics here â†’ Try a slash commandTheÂ /Â command will quickly become your best friend in Notion.TypingÂ /Â brings up a comprehensive menu of block types - all of your content options. Experiment with different block types - you'll find your own personal favorite combinations!Add any type of block by typingÂ /Â and scrolling to the one you want or typing its name. For instance,Â /h1Â creates a large heading, andÂ /todoÂ creates a checkbox. "
Create a subpage,"Create a subpageIn this ArticleThere are no folders in Notion. Instead, you can organize pages inside pages... inside pages. Here, we'll show you how to create a page within another page, which we call a subpage ğŸ“‘ContentsCreate a subpageNavigate with your sidebar and breadcrumbsRearrange your page structureCreate a subpageA subpage is a page inside a page. You can create any number of subpages for a page.There are multiple ways to create a subpage:Open a page (this will be the subpageâ€™s parent page) and use the slash command /page.Find your desired parent page in your sidebar and select + next to it. This will create a subpage in that page. When you return to the parent page, youâ€™ll see the subpage there.Once your new page opens, you can give your page a title and start jotting down your thoughts.Need some inspiration or structure? On desktop or web, select any of the options at the bottom of the page to get started. You can import from an app or file, use a template, create a table, and more â€” select an option you like, and your page will be formatted accordingly! Navigate with your sidebar and breadcrumbsWhen you open the toggle for the parent page in your sidebar, youâ€™ll see its subpages there. Additionally, at the top of your page, youâ€™ll see breadcrumbs that show you what page youâ€™re in, and where that page lives.  Rearrange your page structureThe pages in your workspace can be easily rearranged.To take a subpage out of its parent page, click on it in the sidebar and drag it out of the parent page's toggle.To make a page a subpage, click on it in the sidebar and drag it into another page. "
What is a database?,"What is a database?In this ArticleDatabases are a core feature in Notion that help you manage and organize your pages. Let's explain what they are and how they can help you level up your workspace ğŸ—„ContentsDatabases are collections of pagesDatabases are pages themselvesDatabases have propertiesDatabase views display the same content in different waysDatabases are collections of pagesThink of Notion databases as filing cabinets or notebooks. Each database serves as a container, letting you easily organize multiple Notion pages in a single structure. In the screenshot below, every row of the table is a page within the database ""Docs."" This gives you a birds' eye view of an entire collection of pages at once. When you need to dive deeper, each page in a database can be opened, revealing its detailed contents. Databases are pages themselvesBut wait - each database is also a page itself! This is powerful, because it allows you to move and nest databases alongside other content, just like any other page. Databases have propertiesTo help you organize all of the pages within a database, properties can be added to contextualize, label, and augment each individual item.You can then search, filter, and sort by these property values. Database views display the same content in different waysDatabases in Notion are not static. The set of pages within each database can be displayed in many different forms, or what we call views.In addition to table view, the contents of a database can be visualized as a list, board, calendar, gallery, or timeline - whatever makes the information the most useful. "
Create a database,"Create a databaseIn this ArticleNow we'll create a database and use it to show off essential database actions and features. You'll get to play with database properties, views, filters, and sorts - let's get into it ğŸ“ˆContentsCreate a new tableAdd data to your tableOpen a row as a pageCreate new database viewsFilter and sort your dataCreate a new tableAdd a new page and under Get started with and select Table.The first column is where you enter the name of your database pages. Each column in a Notion table corresponds to a property that gives your item context.Click a property heading, then Edit property and Type to see all of your property choices. Add data to your tableFor this example, we'll create a task database.Add some tasks you're working on in the Name column.Now add some values to the Tags column using the multi-select property. The options could be something like P1, P2, and P3 to indicate the priority of a task. Add a new property using the + button to the right of the Tags heading.Change its name to Due Date. Click the property heading, then Edit property and Type and select Date. Now when you click on a cell under Due Date, you'll see the date picker.  Open a row as a pageEvery item in a Notion database is also a whole page of its own! You can add any content you want inside, including other databases.To open a row as a page, hover over a cell in the Name column and click OPEN.You can add or edit any properties. You can also add additional content into the body of the page. Create new database viewsYou can create different views of the same data. Put it into a board, a calendar, a list, a gallery, or a timeline â€” depending on your needs. Let's try one.Click + at the top of your table. Depending on your screen size, you may have to open the dropdown next to your current view and select Add view.Give your new view a name and choose Board from the right-side menu.This displays rows from your table into cards on a board, grouped by tag. Clicking on a card still opens it as a page. It's all the same content, just visualized in a different way!Learn more about views here â†’ Tip: Different views are good for different things, and you can have as many as you need!Gallery view is great if you're storing images in your database. Lists are helpful for minimalist storage of documentation. Calendar view displays your pages by an assigned date property.Timelines are useful for visualizing project dates and length.  Filter and sort your dataFilter by property to focus on specific parts of your database.Click the filter icon at the top of your table, then select one of the default options or + Add advanced filter.Then select the criteria that needs to be met. The middle dropdown will give you different options depending on the property.In this case, let's choose Tags as the property, and say it must contain P1. Add sorts to reorder your database depending on property values. Sorts are helpful for quickly ordering your data by priority, date, tags, etc.Click â‡… at the top of your table, then select the property you'd like to sort by.For example, choose Due Date and then Ascending. This reorders tasks from closest to furthest due date. You'll see your database change in real time based on your filter and sort criteria. You can add as many filters and sorts as you want, and each view has its own filter and sorts."
Start with a template,"Start with a templatePlayIn this ArticleTo help you take on a variety of challenges with Notion, we've created lots of templates that you can adopt and customize as your own â€” including 5 ""starter templates"" already in your workspace! Here's how to use them ğŸ’¾Jump to FAQsContentsStarter templatesFind & use in-app templatesDuplicate community-made templatesStarter templatesWhen you first sign up for Notion, you'll see a collection of 5 templates in your sidebar. These have been selected for you based on what you told us during onboarding. You can choose to add them to your workspace so you can edit them however you want, or remove them.To delete a template:Click the â€¢â€¢â€¢Â to the right of the page name.Then click Delete.Find & use in-app templatesYou can access our full collection of in-app templates at any time. Look for Templates in your sidebar.ClickÂ Get templateÂ to actually add one to your workspace.Instructions are included inside each template in two ways:For databases, they are at the top and can be hidden by hovering over the top of the page and clickingÂ Hide description.For pages, instructions are scattered throughout in callout boxes that you can delete just like you'd delete any other content block. Duplicate community-made templatesIn addition to in-app templates, you can duplicate a public page into your own workspace as template. Learn more about public pages here â†’The Notion Template Gallery includes thousands of templates built for many purposes by Notion users around the world, which you can use as a starting point (or inspiration âœ¨)! Once you've duplicated a public template page into your own workspace, tweak it to match your workflow perfectly. Browse our Template Gallery:Â notion.so/templates â†’ FAQsCan I make my page a template to use elsewhere in my workspace?There isn't a way to customize the template picker, unfortunately. The best way to do this is:Keep an empty version of your template page in your left-hand sidebar.Click theÂ â€¢â€¢â€¢Â next to that page's name in your sidebar, and thenÂ DuplicateÂ whenever you need a new copy.Depending on your use case, you might find these options useful!You can quickly duplicate chunks of content with a template button. Great for journaling! More on that here â†’Â In databases, you can create new database entries with the properties & page contents already populated by using database templates. More on that here â†’Â Do you have templates made by the Notion community anywhere?Yes! Indeed we do. Go to our Template Gallery atÂ notion.so/templatesÂ to see creations across categories like work, media, personal productivity and more made by our community.Can I request a template for something?Yes! We'd love your ideas. Please tweet them to us atÂ @NotionHQÂ (with the hashtag #template) or send them to our team atÂ team@makenotion.com."
Share your work,"Share your workIn this ArticleShare any Notion page you create with select people, your whole team, or the entire web. It's up to you. Here's a quick overview of how to share ğŸ—£ContentsShare with one personShare with your teamShare with the webShare with one personYou can invite people inside or outside your workspace to share a Notion page with you.Start with your page inÂ Private in your sidebar.On the page, go toÂ ShareÂ at the top right.Enter the person's name or email address in the space provided, choose a level of access, and clickÂ Invite. If the person is outside your workspace, they'll join the page as a guest.If the person is already a member of your workspace, you'll see their profile photo pop up in the invite menu, and the page will show up underÂ SharedÂ in your sidebar, as seen above.Share with your teamIf you have multiple people working with you in Notion, you can quickly share any page with all of them. There are several ways to do this:Share with everyone in your workspace.Â ClickÂ ShareÂ at the top right of the page, and grant access to Everyone at [workspace name]. You can also assign everyone in your workspace a particular access level from the dropdown. For example, everyoneÂ Can viewÂ instead of being able to edit.Create a page in any default teamspace in your sidebar. Everyone in your workspace is a member of default teamspaces and will automatically have access to pages in them. Learn more about teamspaces â†’ Drag a private page to a default teamspace in your sidebar.Â This automatically shares it with everyone. Share a page's URL. Every page in Notion has its own unique URL you can use to share it on Slack or elsewhere. Go toÂ ShareÂ at the top right and clickÂ Copy link. Only people who have access to the page can see it.Share with the webYou can easily turn your Notion page into a beautiful website with Notion Sites. Learn more about how to share your page with the web here â†’"
Collaborate with people,"Collaborate with peopleIn this ArticleNotion has several features designed to improve and increase the velocity of communication with your team â€” whether you're all editing the same page or working across time zones ğŸ¤ContentsWork together in real-timeStart a conversationMention a teammateLeave a commentNever miss a thingWork together in real-timeYou can edit the same page at the same time with an unlimited number of people.Their profile photos will show you where they're looking or working on the page.Edits and comments made by everyone will appear to you instantly.ClickÂ ğŸ•˜ at the top of the page to see who made what changes and when.Content added is highlighted in blue.Gray strikethrough shows what's been removed.You can also see where people have left comments. Start a conversationThere are several ways to communicate with your teammates inside Notion â€” hopefully helping you cut down on meetings and status checks.Mention a teammateWant to get someone's attention on a page?Mention them by typingÂ @Â followed by their name anywhere on a page.You'll see a menu pop up that will search for the person in real time. PressÂ enter.They'll be notified of your mention with a link directly to it in their InboxÂ (or with a push notification if they are on the desktop or mobile app). Leave a commentComments let you attach your thoughts, questions, or opinions to specific content on a page.To leave a comment on a page, click the Add comment right above its title.To leave a comment on text, highlight it, and clickÂ CommentÂ in the menu that pops up.To leave a comment on an image, embed, or other type of block, you can click theÂ â€¢â€¢â€¢Â that appears at the top right or theÂ â‹®â‹® icon that appears to the left on hover. ChooseÂ CommentÂ from the menu that pops up. (You can also right click to bring it up!)You can @-mention your colleagues in comments to get their attention. Never miss a thingNotion is built for asynchronous communication. You'll be notified if someone needs you or if a page you care about has been changed.Click onÂ InboxÂ at the top of your left sidebar. This is where we collect all notifications concerning you.All updates will appear with a grey badge. If you've been mentioned, you'll see a red badge with the number of mentions waiting for you next toÂ Inbox.Click on any of these updates to go directly to the comment, mention, or edit in question. "
